Galaxy,R2_Score,Reduced_Chi2,Optimal_ML_disk,Max_Vobs,Data_Points
CamB_rotmod,-3.786456467,36.564512103376956,0.3,20.1,9
D512-2_rotmod,0.9199804584860246,0.067999677,0.3213617042297791,37.2,4
D564-8_rotmod,0.5227596297503732,3.4610063483771203,0.3,25,6
D631-7_rotmod,0.6713544929793214,11.285876223944252,0.3,58.5,16
DDO064_rotmod,0.9638810881595246,0.2152568547421748,0.47373829607221596,46.9,14
DDO154_rotmod,0.9714662748985932,1.7499470050991353,0.3,48.2,12
DDO161_rotmod,0.4106799662896683,37.08307258932569,0.3,67.5,31
DDO168_rotmod,0.7983692488100451,10.184056776891246,0.3,55,10
DDO170_rotmod,0.36110082626321305,27.345502537813516,0.3,62.2,8
ESO079-G014_rotmod,0.9568729849038681,2.7104830964238267,0.5899977717943516,178,15
ESO116-G012_rotmod,0.9295235219556798,4.881105843956529,0.762630252,112,15
ESO444-G084_rotmod,0.43987166949955125,17.859187440102584,0.8,63.1,7
ESO563-G021_rotmod,0.9122650304575207,14.34369897061305,0.7069256891295603,321,30
F561-1_rotmod,-4.784620934,16.708856025357292,0.3,50.4,6
F563-1_rotmod,0.5040059999214161,2.331407742,0.8,112.5,17
F563-V1_rotmod,-12.70459644,17.402068871513347,0.3,29.5,6
F563-V2_rotmod,0.7225299264047114,2.626163857688927,0.8,118,10
F565-V2_rotmod,0.8632954878393577,1.1695623047629553,0.8,83.1,7
F567-2_rotmod,-1.024646141,2.033822329029796,0.31569939790272594,52.2,5
F568-1_rotmod,0.5563154817583487,4.215169050264664,0.8,142,12
F568-3_rotmod,0.9296862903298292,1.9057098687515743,0.522408911,120,18
F568-V1_rotmod,0.4751575537837144,5.135699444267171,0.8,118,15
F571-8_rotmod,0.3600723818667261,41.726344614287115,0.45331221925601156,144,13
F571-V1_rotmod,0.9679946605983558,0.12207428664111078,0.4458876245913182,84.3,7
F574-1_rotmod,0.9361517008529461,1.3892829219061078,0.768943282,99.7,14
F574-2_rotmod,-8.151670096,11.629171183828529,0.3,40,5
F579-V1_rotmod,0.516030528,1.8292400777862838,0.8,114,14
F583-1_rotmod,0.8757974815372438,1.8928736982574825,0.8,86.9,25
F583-4_rotmod,0.9926431059270604,0.083293536,0.4253592801365581,69.9,12
IC2574_rotmod,0.8512062795368543,13.188303568662963,0.3,67.5,34
IC4202_rotmod,0.6757722374287191,38.02714900394599,0.4623752231379873,250,32
KK98-251_rotmod,0.33070100096138455,10.813783849631392,0.3,34.6,15
NGC0024_rotmod,0.8382131402804114,2.858522501745398,0.8,110,29
NGC0055_rotmod,0.7090668973843242,10.063814283650345,0.3,87.4,21
NGC0100_rotmod,0.9114818612911989,1.4713942391441177,0.4558894588852555,91.2,21
NGC0247_rotmod,0.9421499196238338,1.9053604790587189,0.5861253713801579,108,26
NGC0289_rotmod,-0.950926298,2.883105026512482,0.38663661628974416,194,28
NGC0300_rotmod,0.9029480867861849,1.7525236094654832,0.6999994779854561,97,25
NGC0801_rotmod,0.5119348878182973,14.895461107368748,0.31031639142001183,238,13
NGC0891_rotmod,-4.713761861,11.406347385351374,0.3092337460757574,234,18
NGC1003_rotmod,0.7391159728539276,4.844992994034361,0.4304867049271031,115,36
NGC1090_rotmod,0.9278805254042432,2.739925116406301,0.3391385499380823,176,24
NGC1705_rotmod,-4.005850385,6.416122146,0.8,73.2,14
NGC2366_rotmod,0.7384814623128415,5.428912741860369,0.3,53.7,26
NGC2403_rotmod,0.882900513,16.86316515737532,0.5695340483603841,136,73
NGC2683_rotmod,0.8470420663360547,0.7168969361052097,0.44819336024791884,212,11
NGC2841_rotmod,-0.634730857,16.995165054333896,0.8,323,50
NGC2903_rotmod,0.4941421254100632,18.22927112144428,0.43247334408431004,216,34
NGC2915_rotmod,-0.42197169,6.731942313854498,0.8,86.5,30
NGC2955_rotmod,0.5052507315593415,7.088508194696293,0.3,276,24
NGC2976_rotmod,0.982018174,0.6747982251073026,0.3476877886796042,88.7,27
NGC2998_rotmod,0.5630198031667495,2.8924197698329377,0.42615362154084474,214,13
NGC3109_rotmod,0.8917981957837838,4.380150731422336,0.8,67.3,25
NGC3198_rotmod,0.9394959921166863,1.704117293261086,0.44912700728702887,157,43
NGC3521_rotmod,0.6928410272825417,0.8473945542224733,0.43266828683125175,220,41
NGC3726_rotmod,0.6666755242463411,2.577619177208215,0.3,169,12
NGC3741_rotmod,0.8296013075839368,2.6208850063012825,0.5894769837381484,51.6,21
NGC3769_rotmod,0.5932352262333724,0.7325762134712829,0.33115925328884965,126,12
NGC3877_rotmod,0.7817406047418077,5.866152636218431,0.34038645309307286,171,13
NGC3893_rotmod,0.5423945288562886,1.3400837660612988,0.446471581,194,10
NGC3917_rotmod,0.9648702065552806,1.954876221930806,0.5143609433878511,138,17
NGC3949_rotmod,0.7262620268040095,0.3385179393152197,0.3454170439465402,169,7
NGC3953_rotmod,0.6407235099104172,1.4381412946063017,0.43413750264924494,224,8
NGC3972_rotmod,0.9572709256193944,1.212090808976122,0.5453419658149153,134,10
NGC3992_rotmod,0.6452828892200875,1.0864148389925483,0.5821677198641877,272,9
NGC4010_rotmod,0.9158573866318704,1.9502376018321639,0.38434472213590526,129,12
NGC4013_rotmod,0.023636458,3.267300336,0.3492925,198,36
NGC4051_rotmod,0.7218825563127613,1.3569995585047798,0.3,161,7
NGC4068_rotmod,0.6958834566781485,5.989251439407539,0.3,41.9,6
NGC4085_rotmod,0.8230877288908934,3.5823864187916223,0.3,136,7
NGC4088_rotmod,0.5389352309801478,5.9834492101744265,0.3,182,12
NGC4100_rotmod,0.8524188623865862,1.0441295234871777,0.5232314412042388,195,24
NGC4138_rotmod,0.6621819577626364,0.6715218743541638,0.46704420825512255,195,7
NGC4157_rotmod,0.8159585686581937,0.8215001490152408,0.3074831254001497,201,17
NGC4183_rotmod,0.8415198215457252,1.3131896859900438,0.43773609877348785,115,23
NGC4214_rotmod,-0.818436595,1.9616612227321508,0.8,80.6,14
NGC4217_rotmod,-2.27823302,73.42031277120152,0.3,191,19
NGC4389_rotmod,-0.473749994,23.49667711177904,0.3,110,6
NGC4559_rotmod,0.9168792890047902,0.708167406,0.3,124,32
NGC5005_rotmod,-0.501025341,1.2655955355419817,0.3199086686907939,265,18
NGC5033_rotmod,-2.833729648,7.0018187531501095,0.5560285452074838,225,22
NGC5055_rotmod,0.963361537,2.1627326732793906,0.3,206,28
NGC5371_rotmod,-3.939036206,28.798843048579215,0.3,242,19
NGC5585_rotmod,0.937669216,6.491258935462569,0.3202413198372466,92.3,24
NGC5907_rotmod,-2.417494024,8.823732981482657,0.4448695197310459,235,19
NGC5985_rotmod,-1.923712506,24.59681481249485,0.8,305,33
NGC6015_rotmod,0.8959875035121286,6.906227089058106,0.5805974056387739,166,44
NGC6195_rotmod,-2.610568043,22.143084655033253,0.3,258,23
NGC6503_rotmod,0.1404262592526102,7.325837562060849,0.5238444965770026,121,31
NGC6674_rotmod,0.642459129,5.931085082532708,0.6326043691228864,291,15
NGC6789_rotmod,0.4539276184773853,3.1392460085623526,0.8,60.4,4
NGC6946_rotmod,0.5526756092244594,2.9503495177497645,0.3322771008941252,181,58
NGC7331_rotmod,-1.906371943,5.276309355,0.3208468256541082,257,36
NGC7793_rotmod,0.9630796525625687,0.6013374486052804,0.4216873756297112,116,46
NGC7814_rotmod,-1.444727192,7.459399139750777,0.8,265,18
PGC51017_rotmod,-438.4314975,52.787577404362224,0.3,20.5,6
UGC00128_rotmod,0.878456486,19.325700030750387,0.750093046,134,22
UGC00191_rotmod,0.8592225204548449,5.681012254233597,0.49607400620501513,83.85,9
UGC00634_rotmod,0.8845181713884622,1.8647238059227904,0.8,108,4
UGC00731_rotmod,0.4242793470001449,9.717101860160417,0.8,74,12
UGC00891_rotmod,0.9002998776080257,5.092273229652051,0.3,63.75,5
UGC01230_rotmod,0.6368640390023128,2.3086696869665704,0.6843760880006137,113,11
UGC01281_rotmod,0.9805968713497087,0.2572823024293856,0.5151183995136038,56.9,25
UGC02023_rotmod,0.7379487343942026,0.716046727,0.3,58.8,5
UGC02259_rotmod,0.22440743035072575,10.741602477333384,0.8,90,8
UGC02455_rotmod,-4.106100022,57.86185706893083,0.3,61,8
UGC02487_rotmod,-0.009301234,23.858674838143756,0.8,383,17
UGC02885_rotmod,0.083556192,1.4728402899298574,0.5255516023146916,305,19
UGC02916_rotmod,-12.59600187,123.89858567089098,0.3,218,43
UGC02953_rotmod,0.00263619,17.73205127746981,0.5983940764438792,319,115
UGC03205_rotmod,0.791246468,3.615450209,0.5535525764496316,237,48
UGC03546_rotmod,-3.671719191,5.468891353959416,0.38310593073728477,262,30
UGC03580_rotmod,-0.572212401,49.06957879517225,0.3,131,47
UGC04278_rotmod,0.9202308349896867,2.0964832680526975,0.7660034156822517,92.8,25
UGC04305_rotmod,-4.969500005,32.90771688363774,0.3,37.3,22
UGC04325_rotmod,0.5936899710649619,8.978508896990613,0.8,92.7,8
UGC04483_rotmod,0.7284634907221772,2.6303916960309675,0.3,24.3,8
UGC04499_rotmod,0.9366454043699242,1.1957053035726406,0.3,74.3,9
UGC05005_rotmod,0.9540044768291871,0.32955878361896573,0.3,100,11
UGC05253_rotmod,-4.434593705,24.679294094521794,0.3705524545191719,248,73
UGC05414_rotmod,0.9721298844995632,0.6190512661175099,0.3,61.4,6
UGC05716_rotmod,0.9183174043490057,4.612499499602626,0.8,74.7,12
UGC05721_rotmod,0.3590833101137316,6.515614813012282,0.8,82.6,23
UGC05750_rotmod,0.8710014550850227,0.7446871517375295,0.3,78.9,11
UGC05764_rotmod,0.3414514325051806,57.361523193292825,0.8,55.8,10
UGC05829_rotmod,0.8414426411792367,1.3116867979218194,0.40573925110020465,68.6,11
UGC05918_rotmod,0.8514731309184274,0.5661161207827992,0.5411388020671443,44.5,8
UGC05986_rotmod,0.9046825629153613,5.855004970116198,0.8,116,15
UGC05999_rotmod,0.8400982498528773,2.0402850141919346,0.3182608361952844,100,5
UGC06399_rotmod,0.974712657,0.2482164735364988,0.6993898183204991,87.6,9
UGC06446_rotmod,0.7811060174287568,1.8283248825189173,0.8,84.9,17
UGC06614_rotmod,-3.553293814,8.707566799252177,0.3,205,13
UGC06628_rotmod,-21.9174727,8.003381963536468,0.3,42.3,7
UGC06667_rotmod,0.2783436279467417,19.642152247407726,0.8,85.7,9
UGC06786_rotmod,-0.291421671,27.28019722,0.8,229,45
UGC06787_rotmod,-1.726285992,47.95639561586614,0.8,276,71
UGC06818_rotmod,0.7724342409726721,2.7857933566322433,0.3,74.4,8
UGC06917_rotmod,0.9367440634426462,0.8539602339407844,0.5999486852665379,111,11
UGC06923_rotmod,0.8817226850516134,0.6547791218282335,0.347124796,81.1,6
UGC06930_rotmod,0.7892902911254053,1.0448987377570107,0.4439305086915534,109,10
UGC06973_rotmod,-75.17560903,38.40083856641282,0.3,180,9
UGC06983_rotmod,0.7631736178801805,0.7791031404861547,0.7961579511591172,113,17
UGC07089_rotmod,0.9107507143880227,1.0862189927220025,0.3,79.1,12
UGC07125_rotmod,-2.884401696,49.35066797288691,0.3,65.6,13
UGC07151_rotmod,0.9255150414823374,1.7443362733567094,0.4617823769355768,76.2,11
UGC07232_rotmod,0.819080222,1.3206579982777753,0.48398329111195865,44,4
UGC07261_rotmod,0.8226458809235958,0.40971448806952476,0.5430533979331079,76.1,7
UGC07323_rotmod,0.9894005549238563,0.2312230793045708,0.3140934297830811,85.6,10
UGC07399_rotmod,-0.9159313,38.11164602835318,0.8,106,10
UGC07524_rotmod,0.9197924301597278,2.0209153921490324,0.44006467076935485,83.8,31
UGC07559_rotmod,0.3073604025382052,3.1311998725801153,0.3,32.1,7
UGC07577_rotmod,-3.696060249,7.102779026159523,0.3,17.8,9
UGC07603_rotmod,0.7980226417068322,3.2321261313763885,0.8,64,12
UGC07608_rotmod,0.798960062,1.1704630001836662,0.8,69.3,8
UGC07690_rotmod,0.22597780692335323,0.7729783234981369,0.4205817094802797,60.7,7
UGC07866_rotmod,0.5741667947984356,0.8862286538277155,0.3,33.1,7
UGC08286_rotmod,0.8054347054557767,7.166848637630231,0.8,84.3,17
UGC08490_rotmod,0.623274042,1.8312417105736225,0.8,80.1,30
UGC08550_rotmod,0.9340445819630413,0.8144296254302368,0.8,57.8,11
UGC08699_rotmod,-1.765481647,2.9317508102350107,0.5242020095111567,202,41
UGC08837_rotmod,0.6098855513028658,9.404473048276474,0.3,48,8
UGC09037_rotmod,0.37665283507377534,10.19778835085499,0.3,160,22
UGC09133_rotmod,0.29384354769067067,12.369706501351278,0.36440667322419906,289,68
UGC09992_rotmod,-22.33248554,2.9450917312215044,0.3,34.3,5
UGC10310_rotmod,0.7765189897279465,1.2998922318715525,0.4662404511567759,73.2,7
UGC11455_rotmod,0.9598895030806345,4.552789612886378,0.3882142998259221,291,36
UGC11557_rotmod,0.33191913456069955,7.023464305542096,0.3,85,12
UGC11820_rotmod,0.9096248627675353,14.283035087184587,0.3,84.45,10
UGC11914_rotmod,0.8163062294810784,3.972453010072605,0.5972400149667004,305,65
UGC12506_rotmod,0.48508315388039147,1.5923980784171692,0.8,255,31
UGC12632_rotmod,0.8271024542931356,3.063078716266049,0.5257314126826088,73.2,15
UGC12732_rotmod,0.9345423986612704,1.190278454189851,0.752970452,98,16
UGCA281_rotmod,0.9956452182351958,0.080351432,0.32144910491293854,29.5,7
UGCA442_rotmod,0.939540103,3.7080175148010492,0.8,57.8,8
UGCA444_rotmod,0.854690945,0.774705534,0.3,38.3,36
